
-- 系统订阅
TRUNCATE TABLE public.sys_events_subscribes RESTART IDENTITY CASCADE;
INSERT INTO public.sys_events_subscribes (created_at, updated_at, deleted_at, id, name, topic, group_name, dis, constants, start, "end", status, tenant_id) VALUES (1756094348322, 1756119902, 0, '747666347709698048', '推广激活身份', 'order.completed', 'activate_user_identity', '直推投资项目后升级为发展大使11', '', 1756096162, 0, 2, '688017965110530048');

-- 订阅参数
TRUNCATE TABLE public.sys_events_subscribes_parameters RESTART IDENTITY CASCADE;
INSERT INTO public.sys_events_subscribes_parameters (created_at, updated_at, deleted_at, id, subscribe_id, name, value, dis, data_type) VALUES (0, 1756119902, 0, '747771576920838144', '747666347709698048', 'category', 'short_term,mid_term,long_term,mining_machine', '商品分类', 'string');
INSERT INTO public.sys_events_subscribes_parameters (created_at, updated_at, deleted_at, id, subscribe_id, name, value, dis, data_type) VALUES (0, 1756119902, 0, '747666347869081600', '747666347709698048', 'people_number', '1', '直推人数', 'integer');


-- 产品分类
TRUNCATE TABLE public.product_categories RESTART IDENTITY CASCADE;
INSERT INTO public.product_categories (created_at, updated_at, deleted_at, id, area, name, dis, status, type, template_id, tenant_id) VALUES (1756018046668, 1756018048, 0, 'short_term', '', '短期项目', '', 2, 4, '', '688017965110530048');
INSERT INTO public.product_categories (created_at, updated_at, deleted_at, id, area, name, dis, status, type, template_id, tenant_id) VALUES (1756018096950, 1756018098, 0, 'mid_term', '', '中期项目', '', 2, 4, '', '688017965110530048');
INSERT INTO public.product_categories (created_at, updated_at, deleted_at, id, area, name, dis, status, type, template_id, tenant_id) VALUES (1756018134367, 1756018615, 0, 'long_term', '', '长期项目', '', 2, 4, '', '688017965110530048');
INSERT INTO public.product_categories (created_at, updated_at, deleted_at, id, area, name, dis, status, type, template_id, tenant_id) VALUES (1756114674054, 1756114675, 0, 'mining_machine', '', '矿机', '', 2, 4, '', '688017965110530048');

-- 产品
TRUNCATE TABLE public.products RESTART IDENTITY CASCADE;
INSERT INTO public.products (created_at, updated_at, deleted_at, creator, updater, tenant_id, id, area, dis, name, category_id, sales_volume, features, status, need_confirmation, main_image, images, payment_method_id, profit_wallet, sorting, fixed_price, price, min_price, max_price, min_number, max_number, person_limit, total_quantity, limit_by_total, investment_period, return_principal, return_principal_wallet, principal_deduction, settlement_cycle, settlement_days, settlement_delay, finance_settlement_type, settlement_amount, settlement_ratio, workday_only, settlement_start_day, settlement_time, lottery_weight, is_physical, is_thanks, reward_amount, attributes, restriction_type, sales_start_time) VALUES (1756020041866, 1756020053, 0, '', '', '688017965110530048', '747354682409619456', '', '', '一带一路吉乌“三期”铁路工程', 'long_term', 0, '', 2, 2, '', '', -1, 3, 0, true, 999000, 0, 0, 0, 0, 0, 0, false, 360, false, -1, 0, 5, 5, 0, 1, 170000, 0, false, 2, 0, 0, false, false, 0, '{}', 1, null);
INSERT INTO public.products (created_at, updated_at, deleted_at, creator, updater, tenant_id, id, area, dis, name, category_id, sales_volume, features, status, need_confirmation, main_image, images, payment_method_id, profit_wallet, sorting, fixed_price, price, min_price, max_price, min_number, max_number, person_limit, total_quantity, limit_by_total, investment_period, return_principal, return_principal_wallet, principal_deduction, settlement_cycle, settlement_days, settlement_delay, finance_settlement_type, settlement_amount, settlement_ratio, workday_only, settlement_start_day, settlement_time, lottery_weight, is_physical, is_thanks, reward_amount, attributes, restriction_type, sales_start_time) VALUES (1756018936810, 1756052909, 0, '', '', '688017965110530048', '747350048177655808', '', '', '经贸数字一期', 'short_term', 0, '', 2, 2, '', '', -1, 3, 0, true, 16500, 0, 0, 0, 0, 1, 9999998, true, 5, false, -1, 0, 5, 4, 0, 1, 20400, 0, false, 2, 0, 0, false, false, 0, '{}', 1, 1756045957);
INSERT INTO public.products (created_at, updated_at, deleted_at, creator, updater, tenant_id, id, area, dis, name, category_id, sales_volume, features, status, need_confirmation, main_image, images, payment_method_id, profit_wallet, sorting, fixed_price, price, min_price, max_price, min_number, max_number, person_limit, total_quantity, limit_by_total, investment_period, return_principal, return_principal_wallet, principal_deduction, settlement_cycle, settlement_days, settlement_delay, finance_settlement_type, settlement_amount, settlement_ratio, workday_only, settlement_start_day, settlement_time, lottery_weight, is_physical, is_thanks, reward_amount, attributes, restriction_type, sales_start_time) VALUES (1756019443236, 1756019445, 0, '', '', '688017965110530048', '747352171829268480', '', '', '通信枢纽一期网络', 'mid_term', 0, '', 2, 2, '', '', -1, 3, 0, true, 89500, 0, 0, 0, 0, 0, 0, false, 180, false, -1, 0, 5, 5, 0, 1, 12500, 0, false, 2, 0, 0, false, false, 0, '{}', 1, null);
INSERT INTO public.products (created_at, updated_at, deleted_at, creator, updater, tenant_id, id, area, dis, name, category_id, sales_volume, features, status, need_confirmation, main_image, images, payment_method_id, profit_wallet, sorting, fixed_price, price, min_price, max_price, min_number, max_number, person_limit, total_quantity, limit_by_total, investment_period, return_principal, return_principal_wallet, principal_deduction, settlement_cycle, settlement_days, settlement_delay, finance_settlement_type, settlement_amount, settlement_ratio, workday_only, settlement_start_day, settlement_time, lottery_weight, is_physical, is_thanks, reward_amount, attributes, restriction_type, sales_start_time) VALUES (1756114778462, 1756114815, 0, '', '', '688017965110530048', '747721736945930240', '', '', '矿机', 'mining_machine', 0, '', 2, 2, '', '', 2, 7, 0, true, 100000, 0, 0, 0, 0, 0, 0, false, -1, false, -1, 0, 6, 1, 0, 1, 160, 0, false, 1, 0, 0, false, false, 0, '{}', 1, 0);
INSERT INTO public.products (created_at, updated_at, deleted_at, creator, updater, tenant_id, id, area, dis, name, category_id, sales_volume, features, status, need_confirmation, main_image, images, payment_method_id, profit_wallet, sorting, fixed_price, price, min_price, max_price, min_number, max_number, person_limit, total_quantity, limit_by_total, investment_period, return_principal, return_principal_wallet, principal_deduction, settlement_cycle, settlement_days, settlement_delay, finance_settlement_type, settlement_amount, settlement_ratio, workday_only, settlement_start_day, settlement_time, lottery_weight, is_physical, is_thanks, reward_amount, attributes, restriction_type, sales_start_time) VALUES (1756019585434, 1756019607, 0, '', '', '688017965110530048', '747352768301240320', '', '', '通信枢纽三期网络', 'mid_term', 0, '', 2, 2, '', '', -1, 3, 0, true, 370000, 0, 0, 0, 0, 0, 0, false, 180, false, -1, 0, 5, 5, 0, 1, 52500, 0, false, 2, 0, 0, false, false, 0, '{}', 1, null);
INSERT INTO public.products (created_at, updated_at, deleted_at, creator, updater, tenant_id, id, area, dis, name, category_id, sales_volume, features, status, need_confirmation, main_image, images, payment_method_id, profit_wallet, sorting, fixed_price, price, min_price, max_price, min_number, max_number, person_limit, total_quantity, limit_by_total, investment_period, return_principal, return_principal_wallet, principal_deduction, settlement_cycle, settlement_days, settlement_delay, finance_settlement_type, settlement_amount, settlement_ratio, workday_only, settlement_start_day, settlement_time, lottery_weight, is_physical, is_thanks, reward_amount, attributes, restriction_type, sales_start_time) VALUES (1756019500524, 1756019612, 0, '', '', '688017965110530048', '747352412108361728', '', '', '通信枢纽二期网络', 'mid_term', 0, '', 2, 2, '', '', -1, 3, 0, true, 198000, 0, 0, 0, 0, 0, 0, false, 180, false, -1, 0, 5, 5, 0, 1, 30000, 0, false, 2, 0, 0, false, false, 0, '{}', 1, null);
INSERT INTO public.products (created_at, updated_at, deleted_at, creator, updater, tenant_id, id, area, dis, name, category_id, sales_volume, features, status, need_confirmation, main_image, images, payment_method_id, profit_wallet, sorting, fixed_price, price, min_price, max_price, min_number, max_number, person_limit, total_quantity, limit_by_total, investment_period, return_principal, return_principal_wallet, principal_deduction, settlement_cycle, settlement_days, settlement_delay, finance_settlement_type, settlement_amount, settlement_ratio, workday_only, settlement_start_day, settlement_time, lottery_weight, is_physical, is_thanks, reward_amount, attributes, restriction_type, sales_start_time) VALUES (1756019938532, 1756019939, 0, '', '', '688017965110530048', '747354249003798528', '', '', '一带一路吉乌“一期”铁路工程', 'long_term', 0, '', 2, 2, '', '', -1, 3, 0, true, 563000, 0, 0, 0, 0, 0, 0, false, 360, false, -1, 0, 5, 5, 0, 1, 80000, 0, false, 2, 0, 0, false, false, 0, '{}', 1, null);
INSERT INTO public.products (created_at, updated_at, deleted_at, creator, updater, tenant_id, id, area, dis, name, category_id, sales_volume, features, status, need_confirmation, main_image, images, payment_method_id, profit_wallet, sorting, fixed_price, price, min_price, max_price, min_number, max_number, person_limit, total_quantity, limit_by_total, investment_period, return_principal, return_principal_wallet, principal_deduction, settlement_cycle, settlement_days, settlement_delay, finance_settlement_type, settlement_amount, settlement_ratio, workday_only, settlement_start_day, settlement_time, lottery_weight, is_physical, is_thanks, reward_amount, attributes, restriction_type, sales_start_time) VALUES (1756019994802, 1756019996, 0, '', '', '688017965110530048', '747354485004701696', '', '', '一带一路吉乌“二期”铁路工程', 'long_term', 0, '', 2, 2, '', '', -1, 3, 0, true, 780000, 0, 0, 0, 0, 0, 0, false, 360, false, -1, 0, 5, 5, 0, 1, 122500, 0, false, 2, 0, 0, false, false, 0, '{}', 1, null);
INSERT INTO public.products (created_at, updated_at, deleted_at, creator, updater, tenant_id, id, area, dis, name, category_id, sales_volume, features, status, need_confirmation, main_image, images, payment_method_id, profit_wallet, sorting, fixed_price, price, min_price, max_price, min_number, max_number, person_limit, total_quantity, limit_by_total, investment_period, return_principal, return_principal_wallet, principal_deduction, settlement_cycle, settlement_days, settlement_delay, finance_settlement_type, settlement_amount, settlement_ratio, workday_only, settlement_start_day, settlement_time, lottery_weight, is_physical, is_thanks, reward_amount, attributes, restriction_type, sales_start_time) VALUES (1756019045802, 1756022270, 0, '', '', '688017965110530048', '747350504849281024', '', '', '经贸数字二期中心', 'short_term', 0, '', 2, 2, '', '', -1, 3, 0, true, 29800, 0, 0, 0, 0, 1, 99999, true, 5, false, -1, 0, 5, 4, 0, 1, 40500, 0, false, 2, 0, 0, false, false, 0, '{}', 1, null);
INSERT INTO public.products (created_at, updated_at, deleted_at, creator, updater, tenant_id, id, area, dis, name, category_id, sales_volume, features, status, need_confirmation, main_image, images, payment_method_id, profit_wallet, sorting, fixed_price, price, min_price, max_price, min_number, max_number, person_limit, total_quantity, limit_by_total, investment_period, return_principal, return_principal_wallet, principal_deduction, settlement_cycle, settlement_days, settlement_delay, finance_settlement_type, settlement_amount, settlement_ratio, workday_only, settlement_start_day, settlement_time, lottery_weight, is_physical, is_thanks, reward_amount, attributes, restriction_type, sales_start_time) VALUES (1756019117650, 1756022282, 0, '', '', '688017965110530048', '747350806268743680', '', '', '经贸数字三期中心', 'short_term', 0, '', 2, 2, '', '', -1, 3, 0, true, 57500, 0, 0, 0, 0, 1, 99999, true, 5, false, -1, 0, 5, 4, 0, 1, 89500, 0, false, 1, 0, 0, false, false, 0, '{}', 1, null);

-- 产品奖励
TRUNCATE TABLE public.product_rewards RESTART IDENTITY CASCADE;
INSERT INTO public.product_rewards (created_at, updated_at, deleted_at, creator, updater, tenant_id, id, product_id, category_id, name, description, trigger, source, source_id, amount, calc_type, formula, formula_vars, lua_script, lua_vars, wallet_id, funding_type, status) VALUES (1756019240231, 0, 0, '', '', '688017965110530048', '747351320482025472', '747350504849281024', '', '基建股权', '', 'order_complete', 'custom', '', 50000, 'direct', '', '', '', '', 1, 1, 1);
INSERT INTO public.product_rewards (created_at, updated_at, deleted_at, creator, updater, tenant_id, id, product_id, category_id, name, description, trigger, source, source_id, amount, calc_type, formula, formula_vars, lua_script, lua_vars, wallet_id, funding_type, status) VALUES (1756019176471, 1756019252, 0, '', '', '688017965110530048', '747351053057396736', '747350048177655808', '', '基建股权', '', 'order_complete', 'custom', '', 20000, 'direct', '', '', '', '', 1, 1, 1);
INSERT INTO public.product_rewards (created_at, updated_at, deleted_at, creator, updater, tenant_id, id, product_id, category_id, name, description, trigger, source, source_id, amount, calc_type, formula, formula_vars, lua_script, lua_vars, wallet_id, funding_type, status) VALUES (1756019282855, 0, 0, '', '', '688017965110530048', '747351499264233472', '747350806268743680', '', '基建股权', '', 'order_complete', 'custom', '', 80000, 'direct', '', '', '', '', 1, 1, 1);
INSERT INTO public.product_rewards (created_at, updated_at, deleted_at, creator, updater, tenant_id, id, product_id, category_id, name, description, trigger, source, source_id, amount, calc_type, formula, formula_vars, lua_script, lua_vars, wallet_id, funding_type, status) VALUES (1756019655312, 0, 0, '', '', '688017965110530048', '747353061457924096', '747352171829268480', '', '基建股权', '', 'order_complete', 'custom', '', 200000, 'direct', '', '', '', '', 1, 1, 1);
INSERT INTO public.product_rewards (created_at, updated_at, deleted_at, creator, updater, tenant_id, id, product_id, category_id, name, description, trigger, source, source_id, amount, calc_type, formula, formula_vars, lua_script, lua_vars, wallet_id, funding_type, status) VALUES (1756019674022, 0, 0, '', '', '688017965110530048', '747353139933351936', '747352768301240320', '', '基建股权', '', 'order_complete', 'custom', '', 350000, 'direct', '', '', '', '', 1, 1, 1);
INSERT INTO public.product_rewards (created_at, updated_at, deleted_at, creator, updater, tenant_id, id, product_id, category_id, name, description, trigger, source, source_id, amount, calc_type, formula, formula_vars, lua_script, lua_vars, wallet_id, funding_type, status) VALUES (1756019697105, 0, 0, '', '', '688017965110530048', '747353236750471168', '747352412108361728', '', '基建股权', '', 'order_complete', 'custom', '', 500000, 'direct', '', '', '', '', 1, 1, 1);
INSERT INTO public.product_rewards (created_at, updated_at, deleted_at, creator, updater, tenant_id, id, product_id, category_id, name, description, trigger, source, source_id, amount, calc_type, formula, formula_vars, lua_script, lua_vars, wallet_id, funding_type, status) VALUES (1756020110438, 1756020127, 0, '', '', '688017965110530048', '747354970109513728', '747354249003798528', '', '基建股权', '', 'order_complete', 'custom', '', 1000000, 'direct', '', '', '', '', 1, 1, 1);
INSERT INTO public.product_rewards (created_at, updated_at, deleted_at, creator, updater, tenant_id, id, product_id, category_id, name, description, trigger, source, source_id, amount, calc_type, formula, formula_vars, lua_script, lua_vars, wallet_id, funding_type, status) VALUES (1756020143741, 1756020154, 0, '', '', '688017965110530048', '747355109792419840', '747354485004701696', '', '基建股权', '', 'order_complete', 'custom', '', 2000000, 'direct', '', '', '', '', 1, 1, 1);
INSERT INTO public.product_rewards (created_at, updated_at, deleted_at, creator, updater, tenant_id, id, product_id, category_id, name, description, trigger, source, source_id, amount, calc_type, formula, formula_vars, lua_script, lua_vars, wallet_id, funding_type, status) VALUES (1756020082169, 1756020164, 0, '', '', '688017965110530048', '747354851540733952', '747354682409619456', '', '基建股权', '', 'order_complete', 'custom', '', 4000000, 'direct', '', '', '', '', 1, 1, 1);

-- 产品反佣
TRUNCATE TABLE public.product_rebates RESTART IDENTITY CASCADE;
INSERT INTO public.product_rebates (created_at, updated_at, deleted_at, creator, updater, tenant_id, id, product_id, category_id, name, description, trigger, source, source_id, amount, calc_type, formula, formula_vars, lua_script, lua_vars, rates, wallet_id, funding_type, status) VALUES (1756019770648, 0, 0, '', '', '688017965110530048', 'b4259499-5eed-404a-b495-c4203c3a15c9', '', 'mid_term', '价值反佣', '', 'order_complete', 'order_total', '', 0, 'direct', '', '', '', '', '[{"level":1,"rate":5,"min":0,"max":0}]', 4, 1, 1);
INSERT INTO public.product_rebates (created_at, updated_at, deleted_at, creator, updater, tenant_id, id, product_id, category_id, name, description, trigger, source, source_id, amount, calc_type, formula, formula_vars, lua_script, lua_vars, rates, wallet_id, funding_type, status) VALUES (1756020215790, 0, 0, '', '', '688017965110530048', 'da2e8655-c300-4f53-9ade-26bb611eef85', '', 'long_term', '基建反佣', '', 'order_complete', 'order_total', '', 0, 'direct', '', '', '', '', '[{"level":1,"rate":5,"min":0,"max":0}]', 4, 1, 1);

-- 钱包类型
TRUNCATE TABLE public.wallet_types RESTART IDENTITY CASCADE;
INSERT INTO public.wallet_types (created_at, updated_at, deleted_at, id, type_name, min_amount, max_amount, max_withdrawals, status, remark, need_password, need_real, locale_key, value_per_share, withdraw_conditions, fee_rate, min_fee, max_fee, tenant_id) VALUES (1755926083869, 0, 0, 1, '基建股权', 0, 0, 1, 1, '', 2, 2, 'wallet.type.1', 0, '[]', 0.0000, 0.00, 0.00, '688017965110530048');
INSERT INTO public.wallet_types (created_at, updated_at, deleted_at, id, type_name, min_amount, max_amount, max_withdrawals, status, remark, need_password, need_real, locale_key, value_per_share, withdraw_conditions, fee_rate, min_fee, max_fee, tenant_id) VALUES (1755926106910, 0, 0, 2, '算力', 0, 0, 1, 1, '', 2, 2, 'wallet.type.2', 0, '[]', 0.0000, 0.00, 0.00, '688017965110530048');
INSERT INTO public.wallet_types (created_at, updated_at, deleted_at, id, type_name, min_amount, max_amount, max_withdrawals, status, remark, need_password, need_real, locale_key, value_per_share, withdraw_conditions, fee_rate, min_fee, max_fee, tenant_id) VALUES (1755926121648, 0, 0, 3, '项目收益', 0, 0, 1, 1, '', 2, 2, 'wallet.type.3', 0, '[]', 0.0000, 0.00, 0.00, '688017965110530048');
INSERT INTO public.wallet_types (created_at, updated_at, deleted_at, id, type_name, min_amount, max_amount, max_withdrawals, status, remark, need_password, need_real, locale_key, value_per_share, withdraw_conditions, fee_rate, min_fee, max_fee, tenant_id) VALUES (1755926146555, 0, 0, 4, '推荐奖励', 0, 0, 1, 1, '', 2, 2, 'wallet.type.4', 0, '[]', 0.0000, 0.00, 0.00, '688017965110530048');
INSERT INTO public.wallet_types (created_at, updated_at, deleted_at, id, type_name, min_amount, max_amount, max_withdrawals, status, remark, need_password, need_real, locale_key, value_per_share, withdraw_conditions, fee_rate, min_fee, max_fee, tenant_id) VALUES (1755926169540, 0, 0, 5, '每月民薪', 0, 0, 1, 1, '', 2, 2, 'wallet.type.5', 0, '[]', 0.0000, 0.00, 0.00, '688017965110530048');
INSERT INTO public.wallet_types (created_at, updated_at, deleted_at, id, type_name, min_amount, max_amount, max_withdrawals, status, remark, need_password, need_real, locale_key, value_per_share, withdraw_conditions, fee_rate, min_fee, max_fee, tenant_id) VALUES (1755965643430, 0, 0, 6, '发展红利', 0, 0, 1, 1, '', 2, 2, 'wallet.type.6', 0, '[]', 0.0000, 0.00, 0.00, '688017965110530048');
INSERT INTO public.wallet_types (created_at, updated_at, deleted_at, id, type_name, min_amount, max_amount, max_withdrawals, status, remark, need_password, need_real, locale_key, value_per_share, withdraw_conditions, fee_rate, min_fee, max_fee, tenant_id) VALUES (1756051958536, 0, 0, 7, '发展币', 0, 0, 1, 1, '', 2, 2, 'wallet.type.7', 0, '[]', 0.0000, 0.00, 0.00, '688017965110530048');
INSERT INTO public.wallet_types (created_at, updated_at, deleted_at, id, type_name, min_amount, max_amount, max_withdrawals, status, remark, need_password, need_real, locale_key, value_per_share, withdraw_conditions, fee_rate, min_fee, max_fee, tenant_id) VALUES (1756123620800, 0, 0, 8, '支付卡', 0, 0, 1, 3, '', 2, 2, 'wallet.type.8', 0, '[]', 0.0000, 0.00, 0.00, '688017965110530048');
